,city,population,violent_crime,murder,rape_cases,robbery_crime,assault_crime,property_crime,burglary_crime,larceny_theft,motor_vehicle_theft,arson,average_housing_age,total_rooms,total_bedrooms,total_households,average_income,average_house_value
0,Adelanto,"33,005",212,2,14,48,148,808,434,254,120,24,10.666666666666666,9268.0,2240.0,2004.0,1.681733333333333,66933.33333333333
1,Agoura Hills,"20,970",15,0,1,6,8,310,82,217,11,0,8.0,33408.0,4597.0,4397.0,6.9342500000000005,449600.5
2,Alameda,"78,613",148,2,7,61,78,"1,819",228,"1,245",346,18,45.05769230769231,131786.0,25494.0,25795.0,3.813151923076923,247886.53846153847
3,Albany,"19,723",34,1,6,16,11,605,95,447,63,0,42.75,32001.0,7151.0,6810.0,3.6693,220562.5
4,Alhambra,"86,175",168,1,13,74,80,"1,929",305,"1,413",211,6,37.4375,117422.0,28248.0,27308.0,3.206,217750.0
5,Aliso Viejo,"50,751",32,0,5,3,24,363,53,276,34,1,4.25,21468.0,4691.0,3938.0,4.6011,188050.0
6,American Canyon,"20,687",58,1,7,21,29,634,97,493,44,2,21.75,15142.0,2831.0,2711.0,4.003475,126750.0
7,Anaheim,"349,471","1,271",18,129,439,685,"10,038","1,476","6,893","1,669",28,25.918032786885245,410255.0,83975.0,79379.0,4.2591661202185795,215501.09836065574
8,Anderson,"10,277",88,0,4,9,75,474,60,358,56,2,23.428571428571427,14762.0,3232.0,3101.0,1.9195285714285715,61800.0
9,Antioch,"110,537",771,7,53,280,431,"3,912",862,"2,026","1,024",36,25.44736842105263,120902.0,21721.0,20327.0,3.8383842105263155,135697.36842105264
10,Apple Valley,"72,173",234,1,15,50,168,"1,878",427,"1,187",264,14,9.6875,75916.0,13339.0,12544.0,3.79278125,127568.75
11,Arcadia,"58,694",68,1,6,31,30,"1,272",316,892,64,3,35.883720930232556,112736.0,20598.0,19528.0,5.807216279069767,389023.488372093
12,Arcata,"17,789",54,2,7,11,34,670,160,443,67,18,29.866666666666667,29477.0,5827.0,6323.0,2.0517733333333337,106820.0
13,Arroyo Grande,"18,071",35,0,2,6,27,418,83,299,36,0,21.625,29744.0,5453.0,5116.0,3.3220375,213987.5
14,Artesia,"16,988",84,0,2,30,52,468,99,258,111,3,26.5,20745.0,4565.0,4504.0,4.002070000000001,211720.0
15,Arvin,"20,902",149,3,1,14,131,457,143,201,113,16,17.0,1959.0,484.0,453.0,2.1357,53500.0
16,Atascadero,"29,316",90,0,11,15,64,475,119,323,33,5,16.133333333333333,42398.0,8324.0,7920.0,3.483766666666667,187506.66666666666
17,Atherton,"7,205",3,0,1,2,0,86,30,54,2,1,39.42857142857143,15700.0,2022.0,2028.0,10.518542857142858,473186.5714285714
18,Atwater,"29,219",197,3,8,26,160,"1,099",167,757,175,10,21.0625,37148.0,7332.0,7191.0,2.814675,86287.5
19,Auburn,"14,118",45,0,2,7,36,260,56,178,26,0,28.5,21920.0,4469.0,4266.0,2.77225,143783.33333333334
20,Avalon,"3,820",12,0,2,1,9,56,12,39,5,0,45.75,7157.0,1888.0,1210.0,2.779475,403675.0
21,Azusa,"49,431",173,2,13,49,109,"1,212",232,784,196,7,31.458333333333332,54575.0,12172.0,11577.0,3.406920833333333,151175.0
22,Bakersfield,"373,887","1,810",22,71,655,"1,062","15,559","3,877","9,288","2,394",339,28.63157894736842,419907.0,83842.0,79103.0,2.8916151315789476,82973.02631578948
23,Baldwin Park,"77,538",299,1,34,77,187,"1,442",243,868,331,5,27.34375,74216.0,16478.0,15967.0,3.32539375,154671.875
24,Banning,"31,030",197,8,29,29,131,608,248,221,139,0,27.5,33599.0,7149.0,6567.0,2.5828800000000003,86950.0
25,Barstow,"23,700",283,2,12,70,199,"1,037",447,408,182,15,27.066666666666666,39873.0,8559.0,7597.0,2.8933666666666666,72920.0
26,Beaumont,"43,626",138,1,17,21,99,887,157,582,148,4,24.625,21799.0,4661.0,4367.0,2.342975,86862.5
27,Bell,"36,395",221,1,17,70,133,772,194,443,135,0,33.65384615384615,50861.0,13448.0,14394.0,2.384603846153846,166019.23076923078
28,Bellflower,"78,635",373,1,21,152,199,"1,825",452,816,557,13,32.65909090909091,103746.0,24626.0,23442.0,3.7258136363636365,197311.36363636365
29,Bell Gardens,"43,411",137,0,6,51,80,782,91,392,299,9,30.294117647058822,25517.0,7213.0,6987.0,2.3964470588235294,176758.82352941178
30,Belmont,"27,377",26,1,3,5,17,447,65,341,41,2,33.09090909090909,29592.0,5017.0,4926.0,5.964481818181818,410490.9090909091
31,Belvedere,"2,144",0,0,0,0,0,29,3,25,1,0,36.0,4471.0,618.0,582.0,11.5706,500001.0
32,Benicia,"28,159",29,0,7,8,14,512,112,338,62,8,20.076923076923077,56370.0,9833.0,9450.0,4.462307692307692,186115.38461538462
33,Berkeley,"120,387",530,1,44,330,155,"5,906","1,090","4,099",717,22,48.80530973451327,218853.0,47404.0,45057.0,3.612464601769912,250150.45132743364
34,Beverly Hills,"35,054",99,1,9,40,49,"1,236",234,930,72,4,41.36666666666667,97007.0,17235.0,16037.0,8.641483333333333,493527.6
35,Big Bear Lake,"5,209",54,0,5,5,44,248,75,157,16,6,17.125,41555.0,8585.0,2270.0,3.6658875,166600.0
36,Biggs,"1,712",24,0,1,1,22,28,5,14,9,0,22.0,1814.0,342.0,323.0,2.1728,59400.0
37,Bishop,"3,833",38,0,2,4,32,105,12,85,8,0,36.0,4278.0,1029.0,971.0,2.1491499999999997,107250.0
38,Blythe,"18,961",90,1,7,22,60,847,293,529,25,23,23.25,17940.0,4073.0,3711.0,2.4629375,68400.0
39,Bradbury,"1,097",1,0,0,0,1,10,6,3,1,0,33.0,2474.0,472.0,437.0,6.4576,500001.0
40,Brawley,"26,023",146,1,8,14,123,958,260,654,44,18,25.8,28300.0,6133.0,5816.0,2.5692933333333334,76240.0
41,Brea,"42,043",80,0,2,31,47,"1,257",153,"1,035",69,2,21.379310344827587,84969.0,15058.0,14475.0,5.051196551724138,245444.8275862069
42,Brentwood,"58,398",110,0,17,43,50,"1,288",158,985,145,7,22.625,19268.0,3587.0,3480.0,3.6206625,160737.5
43,Brisbane,"4,696",9,0,1,1,7,92,36,49,7,0,37.0,8271.0,1823.0,1739.0,3.9683750000000004,263750.0
44,Broadmoor,"4,382",16,0,0,6,10,80,35,29,16,0,39.333333333333336,8001.0,1479.0,1483.0,4.057799999999999,258066.66666666666
45,Buellton,"5,097",4,0,1,1,2,54,15,39,0,0,20.0,4295.0,909.0,842.0,3.5247,220800.0
46,Buena Park,"83,684",237,1,19,67,150,"2,549",332,"1,831",386,5,27.4,102478.0,20919.0,20111.0,4.3558025,206935.0
47,Burbank,"105,865",159,1,10,50,98,"2,656",297,"2,136",223,13,38.333333333333336,179797.0,40316.0,38416.0,3.8889346153846156,262634.6153846154
48,Burlingame,"30,672",45,1,6,11,27,948,192,626,130,2,41.095238095238095,51659.0,10444.0,10438.0,5.1225,430809.8095238095
49,Calabasas,"24,505",15,0,5,9,1,272,57,201,14,2,9.0,11251.0,1594.0,1227.0,6.7273,500001.0
50,Calexico,"40,085",169,0,2,41,126,"1,567",367,911,289,21,20.0,21951.0,4939.0,4845.0,1.8531111111111112,76377.77777777778
51,California City,"13,218",121,0,5,20,96,516,270,218,28,1,6.5,12611.0,2385.0,2113.0,3.43755,122662.5
52,Calimesa,"8,553",17,0,0,5,12,291,71,186,34,0,24.25,14724.0,2845.0,2715.0,2.70335,112550.0
53,Calistoga,"5,338",11,1,2,1,7,81,10,64,7,1,25.25,9798.0,2157.0,1957.0,2.9165,197400.0
54,Camarillo,"67,325",114,2,16,30,66,"1,116",217,840,59,17,18.68421052631579,107298.0,18559.0,17926.0,4.882894736842106,247336.84210526315
55,Campbell,"41,544",88,1,11,30,46,"1,393",247,"1,004",142,14,25.875,69993.0,14939.0,14379.0,4.472154166666667,266325.0
56,Canyon Lake,"11,112",7,0,0,1,6,93,18,59,16,0,8.0,26322.0,4072.0,3361.0,5.3238,228900.0
57,Capitola,"10,201",28,0,2,12,14,658,41,585,32,1,23.714285714285715,24057.0,5421.0,4814.0,3.2035142857142853,270342.85714285716
58,Carlsbad,"113,972",172,0,33,38,101,"2,134",366,"1,627",141,8,13.75,169464.0,30865.0,28435.0,4.769841666666667,260641.75
59,Carpinteria,"13,829",11,0,0,2,9,206,45,147,14,3,19.5,24508.0,5380.0,4864.0,3.49712,281900.0
60,Carson,"93,677",433,7,14,115,297,"2,146",469,"1,282",395,10,29.204545454545453,125041.0,24218.0,24233.0,4.263695454545455,182436.36363636365
61,Cathedral City,"53,947",117,3,13,49,52,"1,152",327,505,320,4,15.928571428571429,80978.0,17249.0,12058.0,2.9455999999999998,107485.71428571429
62,Ceres,"47,693",122,0,10,55,57,"1,606",232,920,454,4,21.8,59428.0,11549.0,10979.0,2.86146,125870.0
63,Cerritos,"50,238",91,0,7,46,38,"1,899",354,"1,324",221,1,20.724137931034484,103843.0,17534.0,17030.0,5.500413793103449,276444.8275862069
64,Chico,"89,949",317,2,59,87,169,"3,634",642,"2,591",401,191,30.63888888888889,132340.0,27983.0,26719.0,2.327608333333333,104386.11111111111
65,Chino,"86,344",221,0,21,53,147,"2,138",375,"1,501",262,9,17.2,102050.0,18459.0,17838.0,4.52602,179188.0
66,Chino Hills,"77,515",70,0,7,23,40,"1,073",216,761,96,1,7.428571428571429,67231.0,11185.0,10092.0,6.228571428571429,298400.14285714284
67,Chowchilla,"18,978",74,0,2,4,68,329,91,197,41,7,28.25,6966.0,1356.0,1312.0,2.3324499999999997,66675.0
68,Chula Vista,"265,215",705,6,63,239,397,"4,619",710,"3,093",816,27,24.576923076923077,227104.0,47518.0,45846.0,3.4214307692307693,152514.10256410256
69,Citrus Heights,"86,853",385,4,36,113,232,"2,586",375,"1,942",269,6,17.341463414634145,159107.0,30381.0,28968.0,3.7192731707317077,130309.75609756098
70,Claremont,"36,331",64,1,12,15,36,985,249,674,62,1,33.8125,70603.0,11244.0,11463.0,4.45678125,219850.0
71,Clayton,"11,879",11,0,0,2,9,150,26,105,19,1,19.0,8885.0,1182.0,1148.0,6.582825,294800.0
72,Clearlake,"15,044",117,5,6,27,79,614,223,302,89,6,20.375,26378.0,6332.0,4505.0,1.8815187500000001,66618.75
73,Cloverdale,"8,839",15,0,2,5,8,119,22,87,10,0,29.8,9777.0,1996.0,1864.0,3.28254,143740.0
74,Clovis,"103,769",239,1,26,70,142,"3,083",420,"2,454",209,5,16.791666666666668,101101.0,19300.0,18948.0,3.357575,88000.0
75,Coachella,"44,953",153,3,3,51,96,"1,238",200,802,236,6,18.7,18474.0,4504.0,4311.0,2.17922,81590.0
76,Coalinga,"16,073",105,0,9,5,91,316,85,204,27,11,17.666666666666668,7277.0,1519.0,1381.0,3.1174666666666666,77700.0
77,Colma,"1,531",12,0,1,3,8,275,41,208,26,0,29.333333333333332,14230.0,3436.0,3243.0,4.2067000000000005,239333.33333333334
78,Colton,"54,503",185,3,11,77,94,"1,715",361,889,465,3,30.393939393939394,78661.0,16687.0,15789.0,2.6577030303030305,91736.36363636363
79,Colusa,"5,937",6,0,2,2,2,127,43,71,13,0,47.0,4795.0,1014.0,952.0,2.4264666666666668,73300.0
80,Commerce,"13,137",93,2,10,28,53,"1,247",100,798,349,8,33.5,16358.0,3893.0,4204.0,2.5783,151880.0
81,Compton,"99,125",988,13,33,332,610,"2,410",496,"1,147",767,53,35.506493506493506,108098.0,24831.0,23952.0,2.5729532467532468,108274.02597402598
82,Concord,"128,767",491,4,29,182,276,"4,618",594,"3,068",956,8,25.555555555555557,235717.0,44230.0,42955.0,4.324254444444445,189505.55555555556
83,Corcoran,"22,435",104,0,4,13,87,398,107,212,79,5,25.75,16217.0,3421.0,3222.0,2.1560583333333336,54108.333333333336
84,Corning,"7,527",44,0,2,5,37,254,74,155,25,6,22.4,9164.0,2000.0,1842.0,1.8501999999999998,57260.0
85,Corona,"163,633",212,5,30,98,79,"3,727",615,"2,646",466,13,19.486486486486488,163980.0,29464.0,27032.0,3.8969162162162165,170816.24324324325
86,Coronado,"25,138",26,0,5,1,20,379,55,307,17,3,35.86666666666667,41933.0,8653.0,7156.0,4.57272,368533.5333333333
87,Costa Mesa,"113,477",386,1,53,122,210,"4,723",698,"3,558",467,18,24.014285714285716,188621.0,41656.0,39541.0,4.349517142857143,257787.14285714287
88,Cotati,"7,469",32,0,10,1,21,108,32,61,15,1,19.5,5655.0,1230.0,1205.0,4.04295,202800.0
89,Covina,"49,300",108,1,8,33,66,"1,129",238,753,138,8,30.77777777777778,100852.0,19808.0,19291.0,4.274752777777778,204511.11111111112
90,Crescent City,"6,599",41,0,5,1,35,152,50,90,12,1,18.5,7271.0,1509.0,1368.0,2.29345,67650.0
91,Cudahy,"24,410",78,1,6,22,49,307,48,177,82,0,29.77777777777778,18582.0,5393.0,5188.0,2.249,155700.0
92,Culver City,"39,890",156,0,4,78,74,"1,919",214,"1,598",107,0,35.82222222222222,110550.0,26728.0,25181.0,4.158231111111111,317015.5777777778
93,Cupertino,"61,162",63,0,8,27,28,935,293,583,59,7,24.296296296296298,93915.0,16197.0,15524.0,6.751818518518519,401463.1111111111
94,Cypress,"49,560",56,0,3,23,30,889,146,646,97,4,22.724137931034484,85341.0,15470.0,14998.0,5.008303448275862,243479.3103448276
95,Daly City,"107,320",234,0,26,89,119,"1,778",320,"1,200",258,8,30.9375,100756.0,20264.0,21174.0,4.336584375,266496.875
96,Dana Point,"34,312",57,0,9,12,36,589,120,417,52,1,17.95,75032.0,13362.0,11813.0,5.680395,335450.15
97,Danville,"44,401",16,1,2,6,7,490,114,350,26,2,17.9375,69561.0,9620.0,9311.0,7.0237625,348537.5625
98,Davis,"67,034",95,2,16,40,37,"1,718",281,"1,332",105,9,21.3125,86879.0,18102.0,17735.0,2.88730625,202156.25
99,Delano,"52,534",219,4,9,52,154,"1,376",267,748,361,26,27.333333333333332,25146.0,5757.0,5579.0,2.2601916666666666,72633.33333333333
100,Del Mar,"4,346",10,0,2,0,8,176,47,122,7,1,19.666666666666668,20620.0,3554.0,3314.0,8.309816666666666,428833.8333333333
101,Del Rey Oaks,"1,696",5,0,2,0,3,35,7,26,2,0,34.0,3852.0,733.0,696.0,4.3269,221300.0
102,Desert Hot Springs,"28,416",232,7,16,62,147,"1,110",459,311,340,9,13.125,28415.0,6694.0,5399.0,2.5988625,82987.5
103,Diamond Bar,"57,085",58,1,4,28,25,804,280,427,97,3,18.4,91131.0,14293.0,13674.0,5.96629,262700.0
104,Dinuba,"24,223",175,1,5,13,156,816,163,536,117,7,28.2,21101.0,4120.0,4283.0,2.34373,68610.0
105,Dixon,"19,357",54,1,5,14,34,458,77,340,41,0,24.428571428571427,19356.0,3507.0,3403.0,3.434214285714286,127300.0
106,Dos Palos,"5,112",50,1,7,3,39,131,51,64,16,0,25.25,8985.0,1810.0,1769.0,2.0077249999999998,63975.0
107,Downey,"114,754",335,7,23,173,132,"2,892",514,"1,586",792,17,33.38461538461539,177788.0,37645.0,36291.0,4.0639681318681316,226832.96703296702
108,Duarte,"22,171",72,0,3,19,50,367,68,233,66,0,27.0,38037.0,7895.0,7548.0,3.705,170013.33333333334
109,Dublin,"57,148",68,0,5,17,46,997,115,758,124,1,19.6,45165.0,7600.0,7285.0,5.681520000000001,262500.0
110,Dunsmuir,"1,557",2,0,1,0,1,23,9,10,4,0,40.0,1958.0,386.0,331.0,2.1898,65500.0
111,East Palo Alto,"29,864",181,4,20,81,76,652,126,394,132,9,34.0,25197.0,6248.0,5848.0,3.6840916666666668,176933.33333333334
112,Eastvale,"57,808",40,0,3,13,24,904,92,702,110,1,21.5,6121.0,1019.0,963.0,4.5596,191250.0
113,El Cajon,"103,942",360,2,50,107,201,"2,267",387,"1,517",363,15,21.693548387096776,244250.0,48897.0,47306.0,3.6259225806451614,167322.5806451613
114,El Centro,"44,033",164,1,10,56,97,"2,667",493,"1,983",191,11,22.193548387096776,48695.0,10700.0,10110.0,3.007683870967742,79796.7741935484
115,El Cerrito,"24,842",97,1,2,68,26,"1,231",211,899,121,2,35.37931034482759,57797.0,10507.0,10252.0,4.3464,230465.5172413793
116,Elk Grove,"166,183",586,1,33,105,447,"3,120",589,"2,294",237,4,16.46875,195099.0,34263.0,31795.0,3.803325,130809.375
117,El Monte,"117,376",400,8,21,143,228,"2,132",461,991,680,29,31.454545454545453,363730.0,75492.0,73519.0,3.8436356643356646,207189.53146853147
118,El Segundo,"17,164",41,1,1,22,17,621,147,426,48,2,32.2,35860.0,7705.0,7307.0,4.777273333333333,339033.3333333333
119,Emeryville,"11,549",153,1,3,74,75,"1,997",120,"1,729",148,1,38.25,13846.0,4030.0,3633.0,2.5806,126775.0
120,Encinitas,"62,909",126,0,13,27,86,986,186,712,88,3,17.5,108093.0,20104.0,19024.0,4.868617647058823,283250.0
121,Escalon,"7,449",11,0,0,1,10,167,37,117,13,0,21.666666666666668,9052.0,1748.0,1706.0,3.101566666666667,121866.66666666667
122,Escondido,"151,732",529,7,48,176,298,"3,393",479,"2,308",606,15,18.553571428571427,222842.0,45008.0,42246.0,3.7046285714285716,179583.92857142858
123,Etna,705,1,0,0,0,1,4,0,3,1,0,31.0,1277.0,263.0,241.0,1.7292,61700.0
124,Eureka,"26,858",166,3,23,58,82,"1,801",335,"1,272",194,30,41.90625,58007.0,12195.0,11505.0,2.23751875,78006.25
125,Exeter,"10,611",26,0,1,7,18,349,118,197,34,7,27.666666666666668,11701.0,2012.0,2218.0,2.4559,67450.0
126,Fairfax,"7,686",13,0,6,1,6,104,19,79,6,1,38.75,11473.0,2251.0,2165.0,5.1347,285125.0
127,Fairfield,"112,582",486,8,46,167,265,"3,429",456,"2,406",567,30,24.129032258064516,118634.0,22745.0,21967.0,3.7141354838709675,125632.25806451614
128,Farmersville,"10,835",32,0,1,10,21,162,41,99,22,0,23.0,5166.0,1174.0,1175.0,1.914075,48350.0
129,Fillmore,"15,519",82,1,10,6,65,142,40,80,22,5,21.6,12742.0,2725.0,2597.0,2.97884,174480.0
130,Firebaugh,"8,484",53,0,15,1,37,97,23,64,10,1,20.0,2806.0,686.0,639.0,1.75725,60550.0
131,Folsom,"76,183",71,1,15,15,40,"1,185",210,899,76,6,18.62264150943396,195059.0,31558.0,30600.0,4.578315094339622,185888.679245283
132,Fontana,"206,982",804,3,46,213,542,"4,269",764,"2,474","1,031",12,18.227272727272727,176593.0,34902.0,31186.0,3.204902272727273,121031.81818181818
133,Fort Bragg,"7,310",33,0,3,4,26,257,30,210,17,3,35.57142857142857,13404.0,2825.0,2700.0,2.7215,115114.28571428571
134,Fortuna,"11,876",36,0,4,5,27,571,89,445,37,5,29.88888888888889,14961.0,2933.0,2933.0,2.542766666666667,85877.77777777778
135,Foster City,"33,313",20,1,1,2,16,302,80,197,25,0,14.352941176470589,64861.0,11747.0,11210.0,6.539929411764706,409423.70588235295
136,Fountain Valley,"57,392",66,1,2,24,39,"1,517",268,"1,120",129,1,20.5609756097561,138403.0,23083.0,22422.0,5.670480487804878,269885.3658536585
137,Fowler,"6,144",46,0,2,10,34,135,46,59,30,4,27.25,5038.0,1088.0,1038.0,2.436375,73725.0
138,Fremont,"232,427",337,2,49,151,135,"4,371",913,"2,755",703,14,21.65671641791045,335325.0,62088.0,59869.0,5.112544776119403,256144.79104477612
139,Fresno,"520,837","2,871",39,167,"1,012","1,653","21,606","4,429","14,184","2,993",255,27.929889298892988,684429.0,135548.0,131099.0,2.9227188191881917,83459.0405904059
140,Fullerton,"140,771",389,0,66,110,213,"3,893",468,"2,958",467,15,27.447619047619046,199139.0,38255.0,37336.0,4.885119047619048,236368.59047619047
141,Galt,"25,106",70,1,13,11,45,606,94,461,51,5,16.6,13325.0,2543.0,2413.0,3.3195,114060.0
142,Gardena,"60,782",301,6,24,149,122,"1,519",319,841,359,9,32.371428571428574,67607.0,16321.0,15551.0,3.65302,206908.57142857142
143,Garden Grove,"176,041",504,4,41,155,304,"4,433",885,"2,899",649,25,27.597826086956523,255924.0,51609.0,51455.0,4.17046847826087,201895.65217391305
144,Gilroy,"53,467",192,2,31,48,111,"1,777",262,"1,228",287,16,21.142857142857142,56527.0,10583.0,10260.0,3.9335214285714284,243400.0
145,Glendale,"202,298",195,5,17,75,98,"3,513",530,"2,630",353,6,32.58196721311475,310514.0,72410.0,69530.0,4.103091803278689,284414.7786885246
146,Glendora,"51,753",55,0,6,25,24,"1,336",183,"1,093",60,4,29.75,102530.0,18456.0,17746.0,4.588533333333333,230644.44444444444
147,Goleta,"31,011",47,0,9,12,26,449,110,305,34,2,22.857142857142858,46744.0,9406.0,9102.0,4.386357142857143,256204.7619047619
148,Gonzales,"8,507",39,0,2,4,33,121,32,56,33,0,29.333333333333332,3687.0,919.0,805.0,2.3230333333333335,145966.66666666666
149,Grand Terrace,"12,502",27,1,1,13,12,276,74,150,52,2,16.625,17534.0,3161.0,3013.0,4.4001625,132712.5
150,Grass Valley,"12,883",115,0,3,9,103,667,123,484,60,5,32.3,19679.0,4148.0,3896.0,2.4296800000000003,128110.0
151,Greenfield,"17,061",101,2,3,26,70,324,88,144,92,5,19.5,8659.0,2077.0,1951.0,2.848725,131175.0
152,Gridley,"6,580",113,0,9,2,102,196,54,124,18,2,34.166666666666664,11053.0,2270.0,2172.0,1.9830166666666666,63733.333333333336
153,Grover Beach,"13,589",33,0,4,7,22,345,67,242,36,2,19.0,24984.0,5722.0,5077.0,2.58154,167680.0
154,Guadalupe,"7,318",9,0,1,1,7,100,26,63,11,0,32.5,2546.0,591.0,582.0,2.37925,86150.0
155,Gustine,"5,726",25,0,1,1,23,142,52,70,20,0,26.666666666666668,11547.0,2336.0,2217.0,2.5554666666666663,100766.66666666667
156,Hanford,"55,299",315,1,23,58,233,"2,012",275,"1,504",233,5,24.75,59914.0,12045.0,11270.0,2.744021875,74362.5
157,Hawaiian Gardens,"14,629",86,2,2,24,58,318,66,191,61,3,23.5,7010.0,1724.0,1642.0,2.6868499999999997,139850.0
158,Hawthorne,"88,410",628,6,35,246,341,"2,482",479,"1,468",535,8,29.79591836734694,108391.0,29637.0,27582.0,3.466132653061224,206000.0
159,Hayward,"157,157",556,10,71,298,177,"4,483",729,"2,366","1,388",30,29.97872340425532,197553.0,42333.0,40388.0,3.7731787234042558,189410.63829787233
160,Healdsburg,"11,744",16,0,4,0,12,239,37,190,12,0,31.75,23598.0,4556.0,4223.0,3.3905374999999998,185275.0
161,Hemet,"84,030",605,10,33,174,388,"3,768",908,"2,306",554,10,17.5,124513.0,27180.0,24334.0,2.296618181818182,98586.36363636363
162,Hercules,"25,326",31,1,1,12,17,392,113,214,65,0,10.428571428571429,21940.0,3480.0,3339.0,5.573714285714286,231042.85714285713
163,Hermosa Beach,"19,986",44,0,7,12,25,585,121,423,41,0,32.4375,47726.0,11388.0,10714.0,5.648275,433281.5625
164,Hesperia,"93,348",302,3,18,83,198,"2,227",574,"1,275",378,17,10.842105263157896,89943.0,16605.0,15831.0,3.1007894736842103,107126.31578947368
165,Hidden Hills,"1,935",1,0,0,0,1,8,1,6,1,0,17.0,16544.0,2206.0,2118.0,9.1228,500001.0
166,Highland,"55,011",202,2,20,58,122,"1,242",407,534,301,20,25.608695652173914,64251.0,11748.0,11161.0,2.9158130434782605,110739.17391304347
167,Hillsborough,"11,559",1,0,1,0,0,126,64,55,7,0,33.666666666666664,25052.0,2948.0,2856.0,12.4414,500001.0
168,Hollister,"37,604",137,0,16,19,102,530,117,316,97,4,22.384615384615383,33103.0,6590.0,6214.0,3.2693153846153846,184730.76923076922
169,Holtville,"6,376",15,0,0,2,13,100,26,72,2,0,29.25,6033.0,1248.0,1211.0,2.350175,71325.0
170,Hughson,"7,377",13,0,0,1,12,154,39,79,36,3,28.5,5757.0,1120.0,1070.0,3.6122,109900.0
171,Huntington Beach,"203,233",420,0,52,117,251,"4,942",723,"3,846",373,23,20.24271844660194,345435.0,63924.0,61127.0,5.463177669902913,293573.8446601942
172,Huntington Park,"59,668",386,1,35,177,173,"2,027",176,"1,055",796,14,32.42857142857143,43222.0,12845.0,12294.0,2.739892857142857,166064.2857142857
173,Huron,"6,818",38,1,1,9,27,75,14,40,21,5,13.666666666666666,3983.0,1075.0,1048.0,1.7524,58266.666666666664
174,Imperial,"17,338",5,0,1,0,4,54,2,47,5,0,28.8,6645.0,1431.0,1342.0,2.60568,64380.0
175,Imperial Beach,"27,341",88,0,5,16,67,359,76,214,69,1,26.25,23445.0,5405.0,5173.0,2.9156166666666667,156475.0
176,Indian Wells,"5,279",5,0,0,0,5,150,33,105,12,0,9.0,21133.0,3542.0,1587.0,7.619350000000001,335600.0
177,Indio,"87,195",585,5,28,128,424,"2,112",454,"1,187",471,4,21.0,62541.0,14501.0,12204.0,2.7349550000000002,95620.0
178,Inglewood,"112,450",775,7,44,358,366,"2,612",523,"1,406",683,12,36.114285714285714,161607.0,39035.0,37288.0,3.411327142857143,173664.2857142857
179,Irvine,"258,198",144,2,27,57,58,"3,868",523,"3,144",201,8,12.091836734693878,238579.0,42343.0,40836.0,6.0282857142857145,282911.2653061224
180,Irwindale,"1,433",27,1,0,8,18,166,38,109,19,2,28.4,6950.0,1503.0,1478.0,3.2915,140880.0
181,Jurupa Valley,"99,706",260,6,5,91,158,"2,860",443,"1,579",838,15,23.125,127299.0,23487.0,22347.0,3.574084375,123084.375
182,Kensington,"5,329",1,0,0,0,1,86,21,52,13,0,43.5,9523.0,1443.0,1401.0,6.51535,332400.0
183,Kerman,"14,595",33,0,0,6,27,394,68,296,30,0,27.0,2320.0,488.0,525.0,2.7,71800.0
184,King City,"13,755",61,2,8,8,43,213,48,110,55,2,24.6,9052.0,2232.0,1983.0,2.69928,117360.0
185,Kingsburg,"11,813",28,0,2,8,18,340,97,165,78,0,30.833333333333332,11511.0,2255.0,2176.0,2.9564833333333334,78716.66666666667
186,Lafayette,"25,886",14,0,2,5,7,523,49,433,41,0,31.9375,57786.0,9023.0,8786.0,6.59930625,363787.5625
187,Laguna Beach,"23,485",76,0,8,12,56,558,78,420,60,3,32.666666666666664,37379.0,7469.0,6724.0,5.913466666666666,454860.3333333333
188,Laguna Hills,"31,139",43,0,8,13,22,522,80,396,46,1,15.363636363636363,73464.0,13411.0,12297.0,5.4755,237122.86363636365
189,Laguna Niguel,"66,035",49,2,6,12,29,691,113,529,49,1,8.129032258064516,108498.0,17618.0,16120.0,6.687929032258065,325632.29032258067
190,Laguna Woods,"16,501",5,0,0,2,3,141,17,117,7,0,18.2,40002.0,9037.0,8339.0,3.2468733333333333,148600.0
191,La Habra,"62,488",104,0,7,37,60,"1,279",189,928,162,3,27.97222222222222,83237.0,16983.0,16477.0,4.0094722222222225,199622.22222222222
192,La Habra Heights,"5,500",2,0,1,0,1,55,20,32,3,0,29.333333333333332,22662.0,3090.0,2972.0,7.811066666666666,433933.8333333333
193,Lake Elsinore,"61,871",137,0,8,49,80,"1,909",253,"1,352",304,2,12.727272727272727,51746.0,10503.0,9065.0,3.1519000000000004,136209.0909090909
194,Lake Forest,"80,798",109,0,15,23,71,908,134,684,90,2,14.275862068965518,133355.0,23436.0,22275.0,5.686155172413794,254203.44827586206
195,Lakeport,"4,781",29,0,3,9,17,238,39,179,20,0,21.5,14891.0,3179.0,2585.0,2.593475,103725.0
196,Lakewood,"82,047",222,3,15,93,111,"2,198",378,"1,515",305,4,35.21052631578947,129183.0,24653.0,23924.0,4.511824561403508,216003.50877192983
197,La Mesa,"59,676",196,3,15,63,115,"1,740",276,"1,234",230,4,30.390243902439025,128211.0,24651.0,24366.0,3.9720560975609756,189382.92682926828
198,La Mirada,"49,685",74,0,9,22,43,857,158,576,123,2,32.407407407407405,68674.0,11971.0,11608.0,4.775518518518518,210400.0
199,Lancaster,"162,095","1,005",7,82,326,590,"3,818","1,342","1,982",494,70,21.84313725490196,202433.0,37546.0,34148.0,3.6337980392156863,130425.49019607843
200,La Palma,"16,001",13,0,0,7,6,304,113,170,21,0,22.0,31050.0,5147.0,5030.0,5.5691299999999995,295060.0
201,La Puente,"40,958",119,0,7,35,77,483,91,265,127,1,32.21875,56247.0,11487.0,11521.0,3.6059312500000003,155821.875
202,La Quinta,"40,554",80,1,6,24,49,"1,220",181,972,67,4,11.3,35680.0,6523.0,4252.0,4.29177,150160.0
203,La Verne,"32,595",68,0,29,18,21,928,187,693,48,11,22.0,77019.0,13494.0,13032.0,4.31362,214140.0
204,Lawndale,"33,605",196,0,9,62,125,502,114,284,104,2,31.65625,56165.0,13076.0,12716.0,3.8198875,242784.375
205,Lemon Grove,"26,798",161,0,12,53,96,494,51,351,92,2,28.571428571428573,37970.0,7408.0,7584.0,3.22315,133100.0
206,Lemoore,"25,348",118,0,17,19,82,700,160,440,100,12,17.416666666666668,25659.0,5189.0,4969.0,3.297283333333333,86508.33333333333
207,Lincoln,"46,663",28,0,6,10,12,646,127,455,64,1,25.571428571428573,15269.0,3014.0,2922.0,3.2967285714285715,115200.0
208,Lindsay,"13,579",59,1,4,14,40,280,63,146,71,5,30.125,12844.0,2718.0,2633.0,2.4136125,56325.0
209,Livermore,"88,316",233,3,20,43,167,"2,113",255,"1,596",262,28,25.066666666666666,124984.0,22093.0,21205.0,4.853183333333334,225996.66666666666
210,Livingston,"14,007",58,1,6,11,40,360,79,204,77,2,24.375,10107.0,2220.0,2125.0,2.43175,73912.5
211,Lodi,"64,369",377,4,12,94,267,"2,093",410,"1,243",440,8,26.433333333333334,134425.0,26459.0,25468.0,3.3943983333333336,137928.33333333334
212,Loma Linda,"23,985",27,0,3,7,17,738,184,396,158,1,17.0,26402.0,5145.0,4740.0,4.586771428571429,157471.42857142858
213,Lomita,"20,893",67,1,5,17,44,401,80,277,44,2,31.5,39748.0,8865.0,8436.0,3.5924666666666667,282641.6666666667
214,Long Beach,"476,318","2,766",36,177,"1,054","1,499","14,337","3,094","8,413","2,830",69,36.72168284789644,685708.0,165872.0,154904.0,3.6072,226993.23300970873
215,Los Alamitos,"11,789",18,1,3,10,4,224,52,121,51,2,25.307692307692307,36190.0,6179.0,5976.0,5.319330769230769,279246.1538461539
216,Los Altos,"30,598",6,0,4,1,1,333,120,194,19,0,32.77777777777778,58239.0,8523.0,8296.0,8.432085185185185,500001.0
217,Los Altos Hills,"8,485",1,0,0,1,0,60,24,32,4,2,27.166666666666668,25066.0,3075.0,2998.0,12.095916666666668,500001.0
218,Los Angeles,"3,962,726","25,156",282,"2,209","8,952","13,713","93,503","16,160","61,191","16,152","1,131",35.50787401574803,5202837.0,1238921.0,1180944.0,3.637031189851269,243898.9501312336
219,Los Banos,"37,395",131,1,4,38,88,"1,357",307,805,245,10,20.5,27345.0,5399.0,5046.0,2.8177333333333334,111816.66666666667
220,Los Gatos,"31,044",31,0,7,14,10,701,149,494,58,5,27.333333333333332,73399.0,12463.0,11795.0,6.9091916666666675,428642.0
221,Lynwood,"72,398",414,5,18,149,242,"1,419",293,484,642,16,37.02777777777778,53039.0,13108.0,12971.0,2.7799444444444443,134138.88888888888
222,Madera,"64,127",450,3,18,94,335,"1,922",462,"1,135",325,4,26.0,51321.0,10579.0,10114.0,2.3181296296296297,66337.03703703704
223,Malibu,"13,033",25,0,8,7,10,360,84,255,21,1,24.25,30318.0,5229.0,4291.0,8.218174999999999,500001.0
224,Mammoth Lakes,"7,955",14,0,2,1,11,143,25,107,11,0,14.625,25754.0,5824.0,1840.0,3.7365125,177025.0
225,Manhattan Beach,"36,065",70,0,8,36,26,947,206,697,44,2,34.674418604651166,85011.0,15886.0,15099.0,6.78486046511628,478265.6976744186
226,Manteca,"75,019",213,5,10,82,116,"2,449",420,"1,624",405,20,22.46,100442.0,19364.0,18640.0,3.4100740000000003,133524.0
227,Marina,"21,094",51,3,5,21,22,543,84,391,68,3,17.333333333333332,19370.0,4384.0,4202.0,3.161566666666667,175100.0
228,Martinez,"37,923",51,0,4,22,25,954,164,570,220,0,28.666666666666668,66441.0,12369.0,11821.0,4.173809523809524,193519.04761904763
229,Marysville,"12,264",85,2,7,23,53,482,78,311,93,4,30.357142857142858,24533.0,5208.0,4920.0,2.1972071428571427,68071.42857142857
230,Maywood,"28,070",73,2,6,18,47,358,39,175,144,3,35.785714285714285,19041.0,5839.0,5677.0,2.518342857142857,154892.85714285713
231,McFarland,"13,848",61,1,10,6,44,275,71,103,101,10,16.0,2874.0,677.0,651.0,1.8843,55200.0
232,Menifee,"87,051",125,2,0,45,78,"1,799",290,"1,201",308,0,10.666666666666666,35955.0,6591.0,5855.0,3.329083333333333,121166.66666666667
233,Mendota,"11,470",90,2,2,9,77,307,62,132,113,7,20.666666666666668,3612.0,1011.0,962.0,1.7073,57433.333333333336
234,Menlo Park,"33,619",32,0,9,6,17,616,143,448,25,1,36.03225806451613,77922.0,14885.0,14368.0,7.219170967741936,433984.4516129032
235,Merced,"82,409",763,11,31,151,570,"2,760",588,"1,608",564,81,22.8125,83159.0,17799.0,17104.0,2.690640625,92746.875
236,Mill Valley,"14,527",4,0,0,2,2,221,47,159,15,1,40.1875,36558.0,6846.0,6641.0,5.398725,415794.0
237,Milpitas,"75,520",77,1,9,37,30,"1,966",277,"1,424",265,11,19.129032258064516,81144.0,14880.0,14878.0,6.239196774193548,281600.0967741936
238,Mission Viejo,"98,217",86,1,14,32,39,"1,090",155,859,76,7,14.282608695652174,158197.0,24515.0,24892.0,6.398128260869565,268134.7826086957
239,Modesto,"210,794","2,025",25,85,488,"1,427","10,123","1,639","6,749","1,735",66,26.4140625,321457.0,63340.0,60758.0,2.99349375,124432.8125
240,Monrovia,"37,618",47,2,4,19,22,702,103,504,95,3,37.666666666666664,62285.0,12553.0,12447.0,4.0036375,236787.54166666666
241,Montclair,"38,899",221,4,20,76,121,"1,740",254,"1,105",381,11,24.333333333333332,48118.0,9781.0,9405.0,3.3478666666666665,130690.47619047618
242,Montebello,"64,280",158,3,6,73,76,"1,682",582,597,503,20,33.0,90295.0,20431.0,19857.0,3.1576174999999997,202642.5
243,Monterey,"28,491",136,3,13,42,78,998,167,755,76,5,29.391304347826086,55342.0,11802.0,11336.0,3.68674347826087,273604.39130434784
244,Monterey Park,"61,750",103,0,6,57,40,"1,349",378,728,243,3,31.27906976744186,97481.0,21825.0,20930.0,3.4791488372093022,227360.46511627908
245,Monte Sereno,"3,582",0,0,0,0,0,41,10,28,3,0,35.5,6765.0,915.0,916.0,8.80645,500001.0
246,Moorpark,"35,804",35,0,4,7,24,336,78,233,25,1,22.0,42902.0,7000.0,6745.0,4.918042857142857,268857.28571428574
247,Moraga,"17,284",7,0,1,2,4,202,41,136,25,1,21.714285714285715,31950.0,4765.0,4694.0,7.111914285714286,382014.28571428574
248,Moreno Valley,"205,182",643,6,33,275,329,"6,663","1,190","4,312","1,161",13,8.84,206807.0,35586.0,32871.0,3.9831760000000003,158084.04
249,Morgan Hill,"43,154",71,1,4,16,50,730,100,520,110,3,15.555555555555555,43876.0,7305.0,6883.0,5.044877777777778,303000.0
250,Morro Bay,"10,620",46,0,3,4,39,276,54,211,11,0,24.9,25715.0,5797.0,4579.0,2.68253,225770.0
251,Mountain View,"80,705",164,0,10,31,123,"2,030",327,"1,561",142,7,27.76923076923077,140873.0,31801.0,31050.0,4.655153846153846,319490.8615384615
252,Mount Shasta,"3,258",4,0,0,2,2,50,6,40,4,1,29.0,7752.0,1594.0,1439.0,1.9337333333333333,83500.0
253,Murrieta,"109,495",69,0,6,30,33,"1,700",287,"1,173",240,12,3.5714285714285716,76098.0,12314.0,9382.0,4.381314285714286,217428.57142857142
254,Napa,"80,749",298,0,38,30,230,"1,412",355,905,152,6,29.80392156862745,123657.0,24369.0,23362.0,3.430978431372549,175876.4705882353
255,National City,"60,768",327,2,16,142,167,"1,449",183,942,324,14,34.048780487804876,66444.0,16034.0,15549.0,2.4180341463414634,110782.9268292683
256,Needles,"4,998",25,1,2,4,18,185,80,82,23,5,36.6,8634.0,1608.0,1520.0,2.19346,56940.0
257,Nevada City,"3,020",14,0,2,2,10,109,27,68,14,3,51.0,9008.0,1741.0,1464.0,2.6187,151166.66666666666
258,Newark,"45,258",101,1,8,54,38,"1,168",287,701,180,8,22.157894736842106,69012.0,12587.0,12329.0,4.787152631578947,220442.1052631579
259,Newman,"10,881",16,0,2,2,12,147,29,86,32,0,42.0,2905.0,561.0,551.0,2.2566,82100.0
260,Newport Beach,"87,749",112,2,20,24,66,"2,181",394,"1,652",135,4,27.647058823529413,183348.0,34256.0,31110.0,6.686580882352941,454597.70588235295
261,Norco,"26,925",49,0,4,19,26,709,135,505,69,0,17.714285714285715,38053.0,6355.0,5917.0,5.258978571428571,207435.7142857143
262,Norwalk,"107,470",400,9,33,131,227,"1,910",395,"1,087",428,6,34.5,114561.0,24030.0,23908.0,3.8646430555555558,163701.38888888888
263,Novato,"55,782",103,2,9,27,65,"1,032",219,676,137,18,22.1875,102584.0,18519.0,17984.0,4.69545,265731.25
264,Oakdale,"22,137",43,0,6,14,23,861,167,628,66,6,27.785714285714285,16462.0,3262.0,3155.0,2.4518142857142857,106864.28571428571
265,Oakland,"419,481","6,051",85,285,"3,290","2,391","24,568","3,333","14,846","6,389",179,43.473262032085564,667287.0,148640.0,139364.0,3.1051580213903742,169891.1844919786
266,Oakley,"40,163",68,2,6,21,39,592,91,305,196,4,13.142857142857142,35653.0,6010.0,5611.0,4.498028571428572,170471.42857142858
267,Oceanside,"176,319",702,9,68,216,409,"4,597",589,"3,541",467,15,17.840579710144926,242365.0,49080.0,45290.0,3.1862855072463767,168692.76811594202
268,Ojai,"7,665",7,0,0,1,6,66,15,49,2,0,28.333333333333332,24564.0,4684.0,4459.0,3.679933333333333,285750.0
269,Ontario,"170,274",547,3,31,217,296,"5,169",897,"3,206","1,066",32,24.15909090909091,225880.0,44020.0,42999.0,3.505917045454545,146105.68181818182
270,Orange,"140,572",172,7,11,62,92,"2,897",525,"2,016",356,8,26.0,208038.0,38224.0,36988.0,4.768075,236975.0
271,Orange Cove,"9,715",15,1,0,5,9,150,41,62,47,0,24.75,5260.0,1276.0,1248.0,1.597525,52600.0
272,Orinda,"19,311",5,0,0,3,2,229,50,164,15,0,32.166666666666664,39758.0,5516.0,5351.0,7.703033333333333,438558.5833333333
273,Orland,"7,549",22,2,1,4,15,119,27,76,16,0,29.0,10939.0,2224.0,2171.0,2.0215666666666667,65600.0
274,Oroville,"16,289",108,0,17,31,60,"1,143",264,710,169,4,29.8,33759.0,7362.0,6821.0,1.74834,59485.0
275,Oxnard,"207,221",920,12,21,385,502,"6,696","1,103","4,758",835,24,24.796296296296298,167132.0,34032.0,34256.0,3.557307407407407,211374.12962962964
276,Pacifica,"39,531",68,0,18,17,33,703,138,492,73,3,30.416666666666668,41779.0,7461.0,7322.0,5.25805,262616.6666666667
277,Pacific Grove,"15,734",7,0,1,3,3,288,51,219,18,0,40.6,40440.0,8177.0,8054.0,3.350104,264744.0
278,Palmdale,"159,613",830,7,44,251,528,"2,988",803,"1,730",455,22,15.0,133621.0,24420.0,22251.0,3.9162636363636363,137172.72727272726
279,Palm Desert,"51,847",117,0,3,41,73,"2,299",375,"1,788",136,3,11.0,129915.0,25477.0,14255.0,4.289744444444445,186988.88888888888
280,Palm Springs,"47,388",279,3,24,84,168,"3,029",898,"1,790",341,10,19.695652173913043,129837.0,28340.0,17421.0,2.9638347826086955,161230.47826086957
281,Palo Alto,"67,560",68,2,13,26,27,"1,704",213,"1,405",86,6,38.84615384615385,142565.0,24620.0,28511.0,6.002130769230769,432733.0
282,Palos Verdes Estates,"13,739",7,0,1,4,2,169,82,78,9,2,32.0,19231.0,2626.0,2565.0,9.2304,500001.0
283,Paradise,"26,514",52,1,9,11,31,521,212,245,64,5,21.666666666666668,50343.0,10394.0,9847.0,2.2167629629629633,94259.25925925926
284,Paramount,"55,727",283,1,10,121,151,"1,692",246,956,490,3,29.458333333333332,53872.0,13315.0,12634.0,3.1362666666666663,159025.0
285,Parlier,"15,106",95,1,11,8,75,240,76,109,55,14,23.8,8900.0,1996.0,1924.0,1.8343600000000002,57580.0
286,Pasadena,"141,815",428,4,57,131,236,"3,693",830,"2,540",323,45,39.79338842975206,266013.0,56586.0,53673.0,4.003348760330578,263597.62809917354
287,Paso Robles,"31,659",62,0,4,12,46,"1,106",169,848,89,1,23.0,34957.0,6968.0,6262.0,2.9376625,167350.0
288,Patterson,"21,410",50,0,2,16,32,498,132,250,116,3,21.166666666666668,14580.0,2784.0,2666.0,3.4034,132316.66666666666
289,Perris,"75,036",178,3,1,76,98,"1,833",323,"1,025",485,2,8.7,38911.0,7690.0,6638.0,3.10788,111790.0
290,Petaluma,"60,450",244,0,39,42,163,"1,338",206,"1,046",86,14,30.657894736842106,91534.0,15587.0,15812.0,4.084715789473684,216755.26315789475
291,Pico Rivera,"64,551",199,4,16,74,105,"1,451",263,803,385,10,34.84444444444444,73202.0,16177.0,15856.0,3.36662,167846.66666666666
292,Piedmont,"11,372",12,0,3,2,7,206,51,117,38,0,49.38461538461539,35308.0,4827.0,4695.0,8.440107692307693,442254.3076923077
293,Pinole,"19,284",72,0,0,30,42,885,109,702,74,2,24.583333333333332,43776.0,7656.0,7391.0,4.540208333333333,187750.0
294,Pismo Beach,"7,998",20,0,5,5,10,527,142,361,24,2,23.0,22924.0,4628.0,3879.0,3.23468,261040.0
295,Pittsburg,"69,340",225,5,23,127,70,"2,416",461,"1,152",803,12,23.727272727272727,80607.0,15527.0,14595.0,3.718012121212121,130578.78787878787
296,Placentia,"52,753",76,0,5,17,54,746,132,518,96,1,20.12,72476.0,13005.0,12747.0,5.163596,236100.0
297,Placerville,"10,601",21,0,3,2,16,322,53,219,50,0,27.625,21504.0,4291.0,4117.0,2.517975,124675.0
298,Pleasant Hill,"34,829",74,0,2,42,30,"1,888",215,"1,499",174,8,27.333333333333332,67409.0,12596.0,11969.0,4.762,225390.47619047618
299,Pleasanton,"79,611",86,0,13,40,33,"1,644",232,"1,253",159,5,19.0,114014.0,18362.0,17612.0,5.934616666666667,289280.0
300,Pomona,"154,410",792,10,72,291,419,"4,507",692,"2,559","1,256",39,34.072463768115945,181486.0,38575.0,36783.0,2.928068115942029,122850.72463768115
301,Porterville,"55,760",186,2,12,41,131,"1,384",314,844,226,1,22.79310344827586,63851.0,12514.0,12420.0,2.4595793103448274,67203.44827586207
302,Port Hueneme,"22,249",61,2,11,24,24,453,109,281,63,3,27.181818181818183,36860.0,7933.0,7523.0,3.692627272727272,189200.0
303,Poway,"50,327",44,1,6,13,24,512,115,367,30,2,16.136363636363637,90041.0,14559.0,14086.0,5.8034954545454545,243345.45454545456
304,Rancho Cordova,"70,955",344,5,17,104,218,"1,726",346,"1,183",197,1,20.517241379310345,97432.0,19013.0,18344.0,3.225641379310345,106903.44827586207
305,Rancho Cucamonga,"176,376",264,3,36,97,128,"3,936",930,"2,569",437,6,12.88888888888889,207450.0,36371.0,33713.0,4.693759259259259,187903.7037037037
306,Rancho Mirage,"18,156",41,0,4,6,31,769,177,531,61,0,15.88888888888889,52310.0,9569.0,5005.0,4.550866666666667,241911.22222222222
307,Rancho Palos Verdes,"42,993",41,1,4,12,24,551,207,305,39,2,26.77777777777778,93725.0,13939.0,13518.0,8.571177777777779,476956.3333333333
308,Rancho Santa Margarita,"49,719",44,0,8,9,27,303,45,249,9,1,3.0,27304.0,4933.0,4356.0,5.850814285714286,287571.5714285714
309,Red Bluff,"14,045",118,0,13,25,80,995,221,675,99,3,26.7,22811.0,4913.0,4696.0,2.1541900000000003,62170.0
310,Redding,"92,020",614,2,50,145,417,"4,169",769,"2,888",512,11,21.714285714285715,140779.0,28172.0,26902.0,2.573195918367347,93218.36734693877
311,Redlands,"71,078",212,2,34,74,102,"3,211",514,"2,264",433,14,23.74468085106383,133527.0,23999.0,22922.0,4.2252,145336.17021276595
312,Redondo Beach,"68,492",185,2,19,70,94,"1,757",348,"1,244",165,0,27.21153846153846,126655.0,26225.0,24932.0,5.497321153846154,374098.1923076923
313,Redwood City,"84,415",190,1,28,88,73,"1,842",362,"1,274",206,10,31.97872340425532,142060.0,29274.0,27921.0,4.670078723404255,341170.2978723404
314,Reedley,"25,711",174,1,17,16,140,482,138,254,90,3,24.666666666666668,21405.0,4138.0,4196.0,2.7905066666666665,78340.0
315,Rialto,"103,590",423,3,34,153,233,"2,218",684,813,721,11,19.13888888888889,141468.0,25050.0,23500.0,3.6022027777777783,121852.77777777778
316,Ridgecrest,"28,989",136,1,15,19,101,583,160,372,51,8,14.588235294117647,54224.0,10119.0,9352.0,4.297911764705882,85182.35294117648
317,Rio Dell,"3,378",10,0,0,3,7,59,19,24,16,0,36.0,4307.0,946.0,878.0,1.99655,64900.0
318,Rio Vista,"8,250",32,0,0,0,32,108,31,64,13,0,39.5,4100.0,835.0,771.0,2.79125,95650.0
319,Ripon,"15,126",16,0,4,4,8,244,25,186,33,0,27.666666666666668,9581.0,1769.0,1672.0,3.275866666666667,122233.33333333333
320,Riverbank,"24,061",35,1,3,16,15,616,130,443,43,0,23.9,16161.0,2614.0,3129.0,2.98717,148870.0
321,Riverside,"323,064","1,441",10,137,520,774,"10,531","1,633","7,144","1,754",71,28.962962962962962,417188.0,79926.0,76246.0,3.584005185185185,130603.70370370371
322,Rocklin,"61,105",64,0,19,19,26,"1,203",164,938,101,7,15.9,40928.0,6913.0,6462.0,3.68634,156750.0
323,Rohnert Park,"42,622",207,0,23,46,138,"1,028",168,712,148,7,17.041666666666668,64573.0,12177.0,12188.0,3.796625,172275.0
324,Rolling Hills,"1,912",1,0,0,0,1,13,9,4,0,0,34.0,5586.0,674.0,636.0,15.0001,500001.0
325,Rolling Hills Estates,"8,296",9,0,0,4,5,109,48,56,5,1,24.25,38485.0,6074.0,5799.0,8.166625,479575.75
326,Rosemead,"55,231",155,2,9,73,71,"1,247",269,657,321,4,33.73913043478261,46497.0,11384.0,11058.0,2.984195652173913,188517.39130434784
327,Roseville,"131,039",239,0,23,84,132,"3,295",521,"2,469",305,10,20.047619047619047,105086.0,18699.0,17554.0,4.036652380952381,153428.57142857142
328,Ross,"2,500",0,0,0,0,0,39,15,21,3,0,52.0,5690.0,759.0,724.0,8.14945,500001.0
329,Sacramento,"489,717","3,611",43,105,"1,174","2,289","16,501","3,713","9,865","2,923",140,34.102739726027394,763970.0,159061.0,150564.0,2.8039318493150684,115436.30136986301
330,Salinas,"158,185","1,098",40,76,369,613,"4,145",679,"1,534","1,932",19,28.555555555555557,155310.0,34758.0,33619.0,3.090286111111111,156936.11111111112
331,San Bernardino,"216,477","2,697",44,98,968,"1,587","10,390","3,164","4,210","3,016",65,31.55,309396.0,65842.0,61237.0,2.7041857142857144,93710.0
332,San Bruno,"43,499",105,0,11,29,65,"1,108",166,803,139,6,34.09090909090909,64475.0,13316.0,12943.0,4.324672727272727,283095.45454545453
333,San Clemente,"65,755",79,1,19,16,43,771,163,534,74,7,18.964285714285715,77609.0,14506.0,13410.0,4.883514285714286,301028.60714285716
334,San Diego,"1,400,467","5,582",37,566,"1,378","3,601","29,158","5,129","18,933","5,096",174,26.62257281553398,2031133.0,429018.0,407126.0,3.623959830097087,197987.77305825244
335,San Dimas,"34,955",81,1,7,29,44,679,117,499,63,4,20.5,68493.0,11498.0,11047.0,4.86386,212110.0
336,San Fernando,"24,823",94,0,4,32,58,509,126,263,120,0,37.111111111111114,24596.0,5618.0,5479.0,3.018883333333333,154227.77777777778
337,San Francisco,"863,782","6,710",53,344,"3,610","2,703","53,019","5,186","40,918","6,915",272,37.0,8513.0,1800.0,1596.0,4.9241,377266.6666666667
338,San Gabriel,"40,714",89,1,4,40,44,635,130,419,86,6,37.80769230769231,60622.0,13196.0,12585.0,3.735707692307692,241788.46153846153
339,Sanger,"24,933",120,1,13,21,85,638,133,433,72,4,26.0,12632.0,2877.0,2836.0,2.1898125,64412.5
340,San Jacinto,"47,022",133,0,5,51,77,"1,697",369,"1,086",242,4,16.375,42922.0,9299.0,8202.0,2.09795,93400.0
341,San Jose,"1,031,458","3,400",30,375,"1,140","1,855","25,035","4,896","13,138","7,001",93,25.9476861167002,1376556.0,268223.0,262179.0,4.756950301810865,252863.99597585513
342,San Juan Capistrano,"36,666",66,0,12,15,39,429,94,282,53,1,14.458333333333334,54276.0,9353.0,9264.0,5.075866666666667,269316.7916666667
343,San Leandro,"90,438",412,1,23,220,168,"3,432",501,"2,028",903,11,35.77777777777778,161733.0,33970.0,32777.0,3.716271604938272,191922.22222222222
344,San Luis Obispo,"47,116",193,0,34,13,146,"1,844",245,"1,501",98,44,29.375,54614.0,12610.0,12026.0,2.8012125,226766.66666666666
345,San Marcos,"95,314",171,3,17,34,117,"1,516",277,996,243,2,13.692307692307692,81394.0,16120.0,15293.0,3.661780769230769,172246.15384615384
346,San Marino,"13,491",17,0,1,4,12,225,81,132,12,1,48.84615384615385,32045.0,4236.0,4127.0,10.270323076923075,477747.0
347,San Mateo,"104,306",266,2,11,62,191,"2,045",726,"1,114",205,8,37.333333333333336,198062.0,40700.0,39058.0,4.922728395061728,353475.4567901235
348,San Pablo,"30,290",230,2,8,113,107,"1,265",395,456,414,6,32.55555555555556,36712.0,8823.0,8174.0,3.021288888888889,122216.66666666667
349,San Rafael,"59,598",236,0,27,85,124,"1,887",267,"1,268",352,10,32.03125,109286.0,20994.0,20303.0,4.78865,318234.40625
350,San Ramon,"76,081",27,0,4,13,10,895,146,654,95,9,12.619047619047619,85278.0,13757.0,13047.0,6.926838095238095,328719.04761904763
351,Santa Ana,"337,304","1,626",12,154,523,937,"7,270",909,"4,494","1,867",37,25.385714285714286,294305.0,69607.0,67091.0,3.661729285714286,181561.42857142858
352,Santa Barbara,"91,877",363,1,62,76,224,"2,717",374,"2,209",134,20,35.666666666666664,143291.0,31904.0,31327.0,3.6154871794871792,322562.89743589744
353,Santa Clara,"123,562",156,1,20,71,64,"3,579",583,"2,598",398,10,31.35820895522388,162132.0,33820.0,33868.0,4.521802985074627,259756.71641791044
354,Santa Clarita,"211,132",351,7,34,124,186,"2,925",656,"1,971",298,21,16.08823529411765,240821.0,41368.0,39893.0,5.438955882352941,258032.41176470587
355,Santa Cruz,"64,076",499,2,44,116,337,"3,561",431,"2,831",299,25,36.25925925925926,86848.0,18673.0,17191.0,3.4730185185185185,251753.7037037037
356,Santa Fe Springs,"17,867",85,1,4,42,38,"1,254",161,877,216,5,32.36363636363637,36574.0,7681.0,7324.0,3.5671909090909093,164918.18181818182
357,Santa Maria,"104,355",463,13,50,133,267,"2,975",595,"1,727",653,7,22.145833333333332,103597.0,21162.0,20175.0,3.2254020833333334,145060.41666666666
358,Santa Monica,"93,796",445,1,42,172,230,"3,834",660,"2,953",221,24,36.30555555555556,179278.0,44260.0,41744.0,4.375119444444445,420640.56944444444
359,Santa Paula,"30,710",96,1,11,16,68,406,101,255,50,4,34.6,24636.0,5646.0,5449.0,2.79221,183720.0
360,Santa Rosa,"175,738",606,4,89,131,382,"4,311",639,"3,223",449,41,25.63809523809524,268366.0,53643.0,51371.0,3.4132819047619045,186501.90476190476
361,Santee,"57,934",86,1,11,21,53,870,116,694,60,3,19.22222222222222,95641.0,17557.0,17435.0,4.104244444444444,143044.44444444444
362,Saratoga,"31,239",18,1,6,2,9,336,155,170,11,6,26.708333333333332,71808.0,9848.0,9609.0,8.925458333333333,483242.5416666667
363,Sausalito,"7,182",14,1,0,2,11,254,22,220,12,1,39.333333333333336,19688.0,4083.0,3859.0,7.092416666666666,464684.0
364,Scotts Valley,"11,926",22,0,3,5,14,306,90,206,10,3,17.333333333333332,19680.0,3690.0,3476.0,4.978816666666667,307016.6666666667
365,Seal Beach,"24,800",24,0,1,5,18,594,80,478,36,0,28.625,55644.0,11840.0,11753.0,3.9397875,256191.79166666666
366,Seaside,"34,459",97,0,7,27,63,544,92,381,71,5,26.8125,70872.0,15161.0,14476.0,2.8271625,149543.75
367,Sebastopol,"7,725",8,0,1,0,7,153,27,116,10,0,24.944444444444443,36259.0,6826.0,6584.0,3.9062888888888887,231838.88888888888
368,Selma,"24,532",188,4,16,34,134,"1,060",208,633,219,0,27.307692307692307,24055.0,5133.0,4977.0,2.3303230769230767,72176.92307692308
369,Shafter,"17,690",63,1,6,11,45,618,180,296,142,14,32.0,8655.0,1749.0,1709.0,2.89105,74700.0
370,Sierra Madre,"11,226",11,0,1,3,7,117,48,59,10,2,40.77777777777778,22866.0,4197.0,4008.0,4.910788888888889,352833.3333333333
371,Signal Hill,"11,655",58,1,6,31,20,784,102,592,90,2,22.375,20779.0,5405.0,4844.0,3.0209875,162162.5
372,Simi Valley,"127,472",174,1,24,45,104,"1,513",255,"1,146",112,6,20.306451612903224,203566.0,32504.0,32573.0,5.408632258064516,234433.87096774194
373,Solana Beach,"13,448",15,0,1,2,12,290,67,191,32,2,21.571428571428573,17449.0,3241.0,2883.0,5.282057142857143,354257.14285714284
374,Soledad,"25,170",53,3,3,4,43,302,105,118,79,4,25.75,7343.0,1715.0,1651.0,2.761725,100675.0
375,Solvang,"5,571",11,0,0,3,8,81,30,46,5,0,16.5,4137.0,781.0,670.0,3.38845,284800.0
376,Sonoma,"11,107",32,0,1,1,30,222,36,174,12,0,22.375,26184.0,5243.0,4884.0,3.431575,239225.0
377,Sonora,"4,779",42,0,5,10,27,365,80,267,18,4,21.352941176470587,37669.0,7530.0,6318.0,2.708005882352941,134852.9411764706
378,South El Monte,"20,679",125,6,6,27,86,649,161,325,163,5,33.25,9632.0,1761.0,1987.0,3.1543625,159837.5
379,South Gate,"96,775",561,2,24,199,336,"3,278",574,"1,653","1,051",10,39.509803921568626,86348.0,22067.0,21608.0,2.8017764705882353,160009.80392156861
380,South Lake Tahoe,"21,558",65,0,5,19,41,548,105,404,39,0,22.78787878787879,62550.0,13680.0,8398.0,2.6645696969696973,118772.72727272728
381,South Pasadena,"26,287",30,0,3,22,5,708,141,536,31,2,42.76190476190476,59802.0,12162.0,11708.0,4.498571428571428,348428.61904761905
382,South San Francisco,"67,843",157,1,28,44,84,"1,421",314,916,191,13,34.23076923076923,80807.0,17140.0,16506.0,4.326288461538462,263923.07692307694
383,Stanton,"38,921",152,0,14,60,78,770,130,457,183,2,25.166666666666668,66007.0,14479.0,13809.0,3.723091666666667,183187.5
384,St. Helena,"6,028",9,0,1,0,8,92,19,70,3,0,28.333333333333332,11929.0,1856.0,2138.0,3.4380166666666665,217900.0
385,Stockton,"304,890","4,122",49,135,"1,144","2,794","12,998","2,891","8,119","1,988",103,29.09090909090909,387422.0,81362.0,77639.0,2.901217676767677,101012.62626262626
386,Suisun City,"29,539",81,1,5,20,55,872,120,655,97,5,16.166666666666668,40396.0,7255.0,6991.0,4.0407416666666665,137816.66666666666
387,Sunnyvale,"152,443",158,1,29,61,67,"2,355",545,"1,514",296,9,25.351063829787233,250020.0,53703.0,51351.0,5.224021276595745,317954.2978723404
388,Susanville,"15,045",173,0,7,10,156,360,82,259,19,6,42.4,8548.0,1887.0,1727.0,2.8037199999999998,65540.0
389,Taft,"8,819",58,0,1,7,50,333,79,235,19,0,34.285714285714285,24404.0,4079.0,4420.0,2.7952285714285714,54242.857142857145
390,Tehachapi,"12,971",44,0,8,5,31,338,109,195,34,0,19.6,12230.0,2565.0,2305.0,2.5601399999999996,85620.0
391,Temecula,"111,673",114,1,8,47,58,"2,917",459,"2,116",342,3,5.8,66700.0,11467.0,9819.0,4.803520000000001,245020.2
392,Temple City,"36,524",66,1,10,24,31,474,154,280,40,1,37.12903225806452,66293.0,12595.0,12937.0,3.8799451612903226,246738.70967741936
393,Thousand Oaks,"129,976",136,0,26,23,87,"1,577",234,"1,241",102,9,18.907692307692308,221508.0,35293.0,34910.0,6.012687692307693,294609.26153846155
394,Tiburon,"9,288",9,0,0,1,8,78,14,61,3,1,27.6,21361.0,3647.0,3393.0,8.14416,500001.0
395,Torrance,"149,243",214,2,34,85,93,"2,881",540,"2,024",317,4,32.21739130434783,252374.0,52579.0,50242.0,4.989760869565218,327069.5869565217
396,Tracy,"86,477",154,1,19,49,85,"2,417",272,"1,736",409,25,27.551724137931036,66404.0,12508.0,11515.0,3.64571724137931,148324.1379310345
397,Truckee,"16,331",20,0,2,1,17,158,38,111,9,5,12.5,32838.0,6022.0,2634.0,3.7214071428571427,146628.57142857142
398,Tulare,"62,475",303,10,16,46,231,"2,002",398,"1,299",305,0,22.548387096774192,60868.0,11994.0,11784.0,2.3741903225806453,70061.29032258065
399,Turlock,"71,895",380,2,16,103,259,"2,745",602,"1,632",511,30,22.333333333333332,83191.0,17145.0,16334.0,2.9183969696969694,128448.48484848485
400,Tustin,"81,953",130,1,10,38,81,"1,715",217,"1,344",154,5,21.833333333333332,102671.0,21880.0,20733.0,4.40618,217923.36666666667
401,Twentynine Palms,"26,105",86,2,8,13,63,412,139,241,32,7,16.6,24904.0,5420.0,4053.0,2.70216,75280.0
402,Ukiah,"15,969",153,1,18,20,114,520,150,331,39,7,29.0,27593.0,5926.0,5732.0,2.570578571428571,111642.85714285714
403,Union City,"74,648",265,3,3,87,172,"1,643",305,"1,024",314,6,19.033333333333335,80404.0,15342.0,14771.0,4.558986666666667,212880.0
404,Upland,"76,581",232,4,21,79,128,"2,384",570,"1,489",325,3,20.8125,135633.0,24316.0,22973.0,4.9823125,215404.16666666666
405,Vacaville,"96,693",249,0,20,97,132,"2,159",236,"1,723",200,15,19.652173913043477,130002.0,23177.0,22212.0,4.256997826086956,145317.39130434784
406,Vallejo,"121,257","1,031",18,102,351,560,"4,986","2,352","1,536","1,098",40,35.37931034482759,202164.0,38025.0,36790.0,3.2758844827586207,124491.37931034483
407,Ventura,"110,077",374,2,53,124,195,"3,900",598,"3,042",260,11,28.904761904761905,169195.0,33768.0,32231.0,4.194415873015873,236471.42857142858
408,Vernon,115,28,1,1,12,14,290,30,171,89,0,37.0,214.0,76.0,78.0,2.37075,231250.0
409,Victorville,"123,332",777,6,49,229,493,"4,008","1,095","2,285",628,39,15.6,101728.0,19872.0,18269.0,2.654,95496.0
410,Villa Park,"6,002",1,0,0,1,0,83,34,47,2,0,21.75,22493.0,2817.0,2730.0,9.106,421175.5
411,Visalia,"130,405",608,6,106,130,366,"3,995",814,"2,621",560,11,20.258064516129032,145615.0,27822.0,27333.0,3.254083870967742,93846.7741935484
412,Vista,"99,097",343,2,37,95,209,"1,989",344,"1,328",317,6,16.725490196078432,136588.0,27575.0,25603.0,3.4861607843137254,174864.70588235295
413,Walnut,"30,469",31,1,1,17,12,322,143,157,22,2,14.333333333333334,55271.0,7732.0,8216.0,6.452316666666666,333816.6666666667
414,Walnut Creek,"68,530",91,1,2,28,60,"2,540",342,"1,960",238,4,24.181818181818183,161140.0,27861.0,27433.0,5.408661363636363,278479.54545454547
415,Waterford,"8,800",13,0,0,0,13,124,31,60,33,0,16.5,6508.0,1349.0,1292.0,2.3401,90550.0
416,Watsonville,"53,581",303,4,33,104,162,"1,930",254,"1,261",415,4,27.714285714285715,45854.0,10794.0,10329.0,2.892319047619048,181076.19047619047
417,Weed,"2,836",31,1,3,4,23,115,23,83,9,0,34.0,3155.0,647.0,590.0,1.6978499999999999,63150.0
418,West Covina,"109,030",263,2,13,99,149,"2,982",400,"2,095",487,10,31.6875,170814.0,30380.0,31106.0,4.5495328125,209932.8125
419,West Hollywood,"36,256",280,2,19,90,169,"1,400",209,"1,102",89,11,33.892857142857146,80228.0,23349.0,22042.0,3.071907142857143,345475.10714285716
420,Westlake Village,"8,522",6,0,2,2,2,195,47,142,6,1,15.75,16083.0,2415.0,2343.0,7.600175,391000.25
421,Westminster,"92,640",303,1,22,118,162,"2,950",502,"2,123",325,6,24.291666666666668,121717.0,22876.0,23064.0,4.425914583333333,217200.0
422,Westmorland,"2,278",5,0,0,3,2,7,5,2,0,0,18.5,2130.0,475.0,447.0,2.1715999999999998,61600.0
423,West Sacramento,"52,622",311,2,21,90,198,"1,457",256,"1,030",171,6,32.6875,48243.0,10968.0,10402.0,2.3179,78906.25
424,Wheatland,"3,482",1,0,0,0,1,59,14,34,11,0,20.0,755.0,147.0,157.0,2.4167,67000.0
425,Whittier,"87,807",238,1,18,90,129,"2,531",319,"1,797",415,11,35.86363636363637,146288.0,29182.0,28400.0,4.277375757575758,215165.15151515152
426,Wildomar,"36,154",39,0,7,8,24,619,143,353,123,0,8.0,25384.0,4366.0,3820.0,3.6484666666666663,156233.33333333334
427,Willits,"4,856",66,0,4,2,60,64,15,34,15,2,25.714285714285715,15316.0,3211.0,3051.0,2.4367142857142854,86000.0
428,Willows,"6,074",40,0,5,4,31,190,24,148,18,2,31.0,11315.0,2183.0,2050.0,2.31758,63160.0
429,Windsor,"27,565",85,0,9,16,60,352,35,300,17,5,12.333333333333334,22755.0,4296.0,3938.0,3.333266666666667,192516.66666666666
430,Winters,"7,023",24,0,2,1,21,111,17,80,14,1,16.5,7642.0,1399.0,1326.0,3.10875,127000.0
431,Woodlake,"7,751",39,2,1,3,33,134,32,87,15,2,22.4,7587.0,1720.0,1668.0,2.04886,62080.0
432,Woodland,"57,911",265,1,16,51,197,"1,798",326,"1,230",242,15,26.40909090909091,75715.0,15152.0,14489.0,3.1987954545454547,129977.27272727272
433,Yorba Linda,"68,698",39,0,7,7,25,650,152,463,35,1,17.92,126574.0,18751.0,18100.0,6.574112,300812.0
434,Yountville,"3,030",7,0,0,0,7,46,7,36,3,0,17.0,4524.0,946.0,870.0,2.98015,188100.0
435,Yreka,"7,507",47,1,4,4,38,309,85,188,36,1,29.8,15337.0,3154.0,3011.0,2.26238,65780.0
436,Yuba City,"65,974",216,0,28,66,122,"1,792",429,"1,160",203,14,23.933333333333334,75544.0,15072.0,14441.0,2.88413,92993.33333333333
437,Yucaipa,"53,498",94,2,8,22,62,"1,309",263,838,208,12,24.42105263157895,67846.0,13307.0,12464.0,3.0349684210526315,124742.1052631579
438,Yucca Valley,"21,672",151,0,8,30,113,664,217,381,66,8,14.285714285714286,32324.0,6418.0,5763.0,2.718271428571429,88557.14285714286
